{
  "format_version": "1.8.0",
  "render_controllers": {
    "controller.render.cat": {
      "arrays": {
        "textures": {
          "Array.skins": [
            "Texture.white",
            "Texture.black",
            "Texture.red",
            "Texture.siamese",
            "Texture.british",
            "Texture.calico",
            "Texture.persian",
            "Texture.ragdoll",
            "Texture.tabby",
            "Texture.all_black"
          ]
        }
      },
      "geometry": "Geometry.default",
      "materials": [ { "*": "Material.default" } ],
      "textures": [ "Array.skins[query.variant]" ]
    }
  }
}
