{
  "format_version": "1.8.0",
  "minecraft:client_entity": {
    "description": {
      "identifier": "minecraft:cat",
      "materials": { "default": "cat" },
      "textures": {
        "white": "textures/entity/cat/white",
        "black": "textures/entity/cat/tuxedo",
        "red": "textures/entity/cat/redtabby",
        "siamese": "textures/entity/cat/siamesecat",
        "british": "textures/entity/cat/britishshorthair",
        "calico": "textures/entity/cat/calico",
        "persian": "textures/entity/cat/persian",
        "ragdoll": "textures/entity/cat/ragdoll",
        "tabby": "textures/entity/cat/tabby",
        "all_black": "textures/entity/cat/allblackcat"
      },
      "geometry": {
        "default": "geometry.cat"
      },
      "scripts": {
        "pre_animation": [
          "variable.tcos0 = (Math.cos(global.anim_pos * 38.17) * global.anim_speed / variable.gliding_speed_value) * 57.3;",
          "variable.tcos1 = -variable.tcos0;",
          "variable.z_bob = Math.cos(global.life_time * 103.13244) * 2.865 + 2.865;",
          "variable.x_bob = Math.sin(global.life_time * 76.776372) * 2.865;"
        ]
      },
      "animations": {
        "look_at_target_default": "animation.humanoid.look_at_target.default",
        "look_at_target_gliding": "animation.humanoid.look_at_target.gliding",
        "look_at_target_swimming": "animation.humanoid.look_at_target.swimming",
        "move": "animation.humanoid.move"
      },
      "animation_controllers": [
        { "look_at_target": "controller.animation.humanoid.look_at_target" },
        { "move": "controller.animation.humanoid.move" }
      ],
      "render_controllers": [ "controller.render.cat" ],
      "locators": {
      },
      "spawn_egg": {
        "texture": "spawn_egg",
        "texture_index": 53
      }
    }
  }
}