{
  "format_version": "1.8.0",
  "animations": {
    "animation.humanoid.base_pose": {
      "loop": true,
      "bones": {
        "waist": { "position": [ 0.0, 0.0, 0.0 ] }
      }
    },
    "animation.humanoid.look_at_target.default": {
      "loop": true,
      "bones": {
        "head": { "rotation": [ "query.target_x_rotation", "query.target_y_rotation", 0.0 ] }
      }
    },
    "animation.humanoid.look_at_target.gliding": {
      "loop": true,
      "bones": {
        "head": { "rotation": [ "-45.0", "query.target_y_rotation", 0.0 ] }
      }
    },
    "animation.humanoid.look_at_target.swimming": {
      "loop": true,
      "bones": {
        "head": { "rotation": [ "Math.lerp(query.target_x_rotation, -45.0, variable.swim_amount)", "query.target_y_rotation", 0.0 ] }
      }
    },

    "animation.humanoid.move": {
      "loop": true,
      "bones": {
        "rightArm": { "rotation": [ "variable.tcos1", 0.0, 0.0 ] },
        "leftArm": { "rotation": [ "variable.tcos0", 0.0, 0.0 ] },
        "rightLeg": { "rotation": [ "variable.tcos0 * 1.4", 0.0, 0.0 ] },
        "leftLeg": { "rotation": [ "variable.tcos1 * 1.4", 0.0, 0.0 ] }
      }
    },

    "animation.humanoid.riding.arms": {
      "loop": true,
      "bones": {
        "rightArm": { "rotation": [ -36.0, 0.0, 0.0 ] },
        "leftArm": { "rotation": [ -36.0, 0.0, 0.0 ] }
      }
    },
    "animation.humanoid.riding.legs": {
      "loop": true,
      "bones": {
        "rightLeg": { "rotation": [ "-72.0 - this", "18.0 - this", "-this" ] },
        "leftLeg": { "rotation": [ "-72.0 - this", "-18.0 - this", "-this" ] }
      }
    },

    "animation.humanoid.holding": {
      "loop": true,
      "bones": {
        "rightArm": { "rotation": [ "variable.is_holding_right ? (-this * 0.5 - 18.0) : 0.0", 0.0, 0.0 ] },
        "leftArm": { "rotation": [ "variable.is_holding_left ? (-this * 0.5 - 18.0) : 0.0", 0.0, 0.0 ] }
      }
    },

    "animation.humanoid.brandish_spear": {
      "loop": true,
      "bones": {
        "rightArm": { "rotation": [ "this * -0.5 - 157.5 - 22.5 * variable.charge_amount", "-this", 0.0 ] }
      }
    },

    "animation.humanoid.charging": {
      "loop": true,
      "bones": {
        "rightArm": { "rotation": [ "22.5 * variable.charge_amount - this", "-this", 0.0 ] }
      }
    },

    "animation.humanoid.attack.rotations": {
      "loop": true,
      "bones": {
        "body": { "rotation": [ 0.0, "variable.attackBodyRotY - this", 0.0 ] },
        "rightArm": {
          "rotation": [
            "Math.sin(1.0 - Math.pow(1.0 - variable.attack_time, 3.0) * 180.0) * (variable.is_brandishing_spear ? -1.0 : 1.0 )",
            "variable.is_brandishing_spear ? 0.0 : variable.attackBodyRotY * 2.0",
            0.0
          ]
        },
        "leftArm": { "rotation": [ "variable.attackBodyRotY", 0.0, 0.0 ] }
      }
    },

    "animation.humanoid.sneaking": {
      "loop": true,
      "bones": {
        "body": { "rotation": [ "0.5 - this", 0.0, 0.0 ] },
        "rightArm": { "rotation": [ 72.0, 0.0, 0.0 ] },
        "leftArm": { "rotation": [ 72.0, 0.0, 0.0 ] },
        "rightLeg": { "position": [ 0.0, -3.0, 4.0 ] },
        "leftLeg": { "position": [ 0.0, -3.0, 4.0 ] },
        "head": { "position": [ 0.0, 1.0, 0.0 ] }
      }
    },

    "animation.humanoid.bob": {
      "loop": true,
      "bones": {
        "rightArm": { "rotation": [ 0.0, 0.0, "(Math.cos(global.life_time * 103.2) * 2.865) + 2.865" ] },
        "leftArm": { "rotation": [ 0.0, 0.0, "(Math.cos(global.life_time * 103.2) * 2.865) + 2.865" ] },
        "leftLeg": { "rotation": [ "-Math.sin(global.life_time * 76.8) * 2.865", 0.0, 0.0 ] }
      }
    },

    "animation.humanoid.damage_nearby_mobs": {
      "loop": true,
      "bones": {
        "rightArm": { "rotation": [ "45.0-this", "-this", "-this" ] },
        "leftArm": { "rotation": [ "-45.0-this", "-this", "-this" ] },
        "rightLeg": { "rotation": [ "-45.0-this", "-this", "-this" ] },
        "leftLeg": { "rotation": [ "45.0-this", "-this", "-this" ] }
      }
    },

    "animation.humanoid.bow_and_arrow": {
      "loop": true,
      "bones": {
        "rightArm": { "rotation": [ "query.target_x_rotation - 90.0 + Math.sin(global.life_time * 76.8) * 2.865 - this", "query.target_y_rotation - 5.73", "(Math.cos(global.life_time * 103.2) * 2.865) + 2.865" ] },
        "leftArm": { "rotation": [ "query.target_x_rotation - 90.0 - Math.sin(global.life_time * 76.8) * 2.865 - this", "query.target_y_rotation + 28.65", "-(Math.cos(global.life_time * 103.2) * 2.865) - 2.865" ] }
      }
    },

    "animation.humanoid.swimming": {
      "loop": true,
      "bones": {
        "rightArm": {
          "rotation": {
            "0.7": {
              "pre": [ "Math.lerp(this, 0.0, variable.RightArmswim_amount)", "Math.lerp(this, 180.0, variable.RightArmswim_amount)", "Math.lerp(this, -0.1019 * (-65.0 * variable.internalSwimPos + variable.internalSwimPos * variable.internalSwimPos), variable.RightArmswim_amount)" ],
              "post": [ "Math.lerp(this, 11.25 * variable.internalSwimPos, variable.RightArmswim_amount)", "Math.lerp(this, 180.0, variable.RightArmswim_amount)", "Math.lerp(this, 72.77 + 13.4 * variable.internalSwimPos, variable.RightArmswim_amount)" ]
            },
            "1.1": [ "Math.lerp(this, 11.25 * variable.internalSwimPos, variable.RightArmswim_amount)", "Math.lerp(this, 180.0, variable.RightArmswim_amount)", "Math.lerp(this, 72.77 + 13.4 * variable.internalSwimPos, variable.RightArmswim_amount)" ],
            "1.3": {
              "pre": [ "Math.lerp(this, 11.25 * variable.internalSwimPos, variable.RightArmswim_amount)", "Math.lerp(this, 180.0, variable.RightArmswim_amount)", "Math.lerp(this, 72.77 + 13.4 * variable.internalSwimPos, variable.RightArmswim_amount)" ],
              "post": [ "Math.lerp(this, 90.0 - (22.5 * variable.internalSwimPos), variable.RightArmswim_amount)", "Math.lerp(this, 180.0, variable.RightArmswim_amount)", "Math.lerp(this, 180.0, variable.RightArmswim_amount)" ]
            }
          }
        },
        "leftArm": {
          "rotation": {
            "0.7": {
              "pre": [ "Math.lerp(this, 0.0, variable.LeftArmswim_amount)", "Math.lerp(this, 180.0, variable.LeftArmswim_amount)", "Math.lerp(this, 180.0 - 0.01877 * (-65.0 * variable.internalSwimPos + variable.internalSwimPos * variable.internalSwimPos), variable.LeftArmswim_amount)" ],
              "post": [ "Math.lerp(this, 11.25 * variable.internalSwimPos, variable.LeftArmswim_amount)", "Math.lerp(this, 180.0, variable.LeftArmswim_amount)", "Math.lerp(this, 72.77 + 13.4 * variable.internalSwimPos, variable.LeftArmswim_amount)" ]
            },
            "1.1": [ "Math.lerp(this, 11.25 * variable.internalSwimPos, variable.LeftArmswim_amount)", "Math.lerp(this, 180.0, variable.LeftArmswim_amount)", "Math.lerp(this, 72.77 + 13.4 * variable.internalSwimPos, variable.LeftArmswim_amount)" ],
            "1.3": {
              "pre": [ "Math.lerp(this, 11.25 * variable.internalSwimPos, variable.LeftArmswim_amount)", "Math.lerp(this, 180.0, variable.LeftArmswim_amount)", "Math.lerp(this, 72.77 + 13.4 * variable.internalSwimPos, variable.LeftArmswim_amount)" ],
              "post": [ "Math.lerp(this, 90.0 - (22.5 * variable.internalSwimPos), variable.LeftArmswim_amount)", "Math.lerp(this, 180.0, variable.LeftArmswim_amount)", "Math.lerp(this, 180.0, variable.LeftArmswim_amount)" ]
            }
          }
        },
        "rightLeg": {
          "rotation": [ "Math.lerp(this, Math.cos(global.anim_pos * 19.5) * 17.2, variable.LeftArmswim_amount) - this", 0.0, 0.0 ]
        },
        "leftLeg": {
          "rotation": [ "Math.lerp(this, Math.cos(global.anim_pos * 19.5 + 180.0) * 17.2, variable.LeftArmswim_amount) - this", 0.0, 0.0 ]
        }
      }
    },

    "animation.humanoid.use_item_progress": {
      "loop": true,
      "bones": {
        "rightArm": {
          "rotation": [ "variable.UseItemStartupProgress * -60.0 + variable.UseItemIntervalProgress * 11.25", "variable.UseItemStartupProgress * -22.5 + variable.UseItemIntervalProgress * 11.25", "variable.UseItemStartupProgress * -5.625 + variable.UseItemIntervalProgress * 11.25" ]
        }
      }
    }
  }
}
