{
  "format_version": "1.8.0",
  "minecraft:entity": {
    "description": {
      "identifier": "minecraft:cat",
      "is_spawnable": true,
      "is_summonable": true,
      "is_experimental": false
    },
     "component_groups": {
	   "minecraft:cat_white": {
        "minecraft:variant": {
          "value": 0
        }
      },
      "minecraft:cat_tuxedo": {
        "minecraft:variant": {
          "value": 1
        }
      },
      "minecraft:cat_red": {
        "minecraft:variant": {
          "value": 2
        }
      },
      "minecraft:cat_siamese": {
        "minecraft:variant": {
          "value": 3
        }
      },
      "minecraft:cat_british": {
        "minecraft:variant": {
          "value": 4
        }
      },
      "minecraft:cat_calico": {
        "minecraft:variant": {
          "value": 5
        }
      },
      "minecraft:cat_persian": {
        "minecraft:variant": {
          "value": 6
        }
      },
      "minecraft:cat_ragdoll": {
        "minecraft:variant": {
          "value": 7
        }
      },
      "minecraft:cat_tabby": {
        "minecraft:variant": {
          "value": 8
        }
      },
      "minecraft:cat_black": {
        "minecraft:variant": {
          "value": 9
        }
      }
	},
	
    "components": {
      "minecraft:type_family": {
        "family": ["cat"]
      },
      "minecraft:breathable": {
        "totalSupply": 15,
        "suffocateTime": 0
      },
      "minecraft:loot": {
        "table": "loot_tables/empty.json"
	  },
      "minecraft:health": {
        "value": 20,
        "max": 20
      },
      "minecraft:collision_box": {
        "width": 0.6,
        "height": 1.8
      },
      "minecraft:behavior.random_stroll": {
        "priority": 11,
        "speed_multiplier": 0.6
      },
      "minecraft:behavior.look_at_player": {
        "priority": 12,
        "look_distance": 8,
        "probability": 0.02
      },
	    "minecraft:physics": {
      },
        "minecraft:behavior.float": {
        "priority": 0
      },
      "minecraft:movement": {
        "value": 0.5
      },
      "minecraft:navigation.walk": {
        "can_path_over_water": true,
        "can_pass_doors": true,
        "can_open_doors": true,
        "avoid_water": true,
        "avoid_damage_blocks": true
      },
      "minecraft:movement.basic": {
      },
      "minecraft:jump.static": {
      },
      "minecraft:can_climb": {
      },
      "minecraft:fall_damage": {
        "value": 0.0
      },
	   "minecraft:loot": {
        "table": "loot_tables/empty.json"
	  }
	 },
	 
	 "events": {
      "minecraft:entity_spawned": {
        "randomize": [
              {
                "weight": 10,
                "add": {
                  "component_groups": [
                    "minecraft:cat_white"
                  ]
                }
              },
              {
                "weight": 10,
                "add": {
                  "component_groups": [
                    "minecraft:cat_tuxedo"
                  ]
                }
              },
              {
                "weight": 10,
                "add": {
                  "component_groups": [
                    "minecraft:cat_red"
                  ]
                }
              },
              {
                "weight": 10,
                "add": {
                  "component_groups": [
                    "minecraft:cat_siamese"
                  ]
                }
              },
              {
                "weight": 10,
                "add": {
                  "component_groups": [
                    "minecraft:cat_british"
                  ]
                }
              },
              {
                "weight": 10,
                "add": {
                  "component_groups": [
                    "minecraft:cat_calico"
                  ]
                }
              },
              {
                "weight": 10,
                "add": {
                  "component_groups": [
                    "minecraft:cat_persian"
                  ]
                }
              },
              {
                "weight": 10,
                "add": {
                  "component_groups": [
                    "minecraft:cat_ragdoll"
                  ]
                }
              },
              {
                "weight": 10,
                "add": {
                  "component_groups": [
                    "minecraft:cat_tabby"
                  ]
                }
              },
              {
                "weight": 10,
                "add": {
                  "component_groups": [
                    "minecraft:cat_black"
                  ]
                }
              }
            ]
          }
      }
    }
}